{
  "plugins": [
    {
      "author": "Sjoerd van Kreel",
      "homepage": "https://github.com/sjoerdvankreel/firefly-synth",
      "name": "Firefly Synth",
      "description": "Firefly Synth",
      "tags": [ "Instrument", "Synth" ],
      "version": "1.7.8",
      "id": "io.github.sjoerdvankreel.firefly_synth",
      "date": "2024-06-03T17:25:12.081Z",
      "files": {
        "audio": {
          "name": "studiorack.flac",
          "size": 826259
        },
        "image": {
          "name": "studiorack.jpg",
          "size": 784884
        },
        "linux": {
          "name": "firefly_synth_1.7.8_linux_vst3_instrument.zip",
          "size": 5787856
        },
        "mac": {
          "name": "firefly_synth_1.7.8_mac_vst3_instrument.zip",
          "size": 8549464
        },
        "win": {
          "name": "firefly_synth_1.7.8_windows_vst3_instrument.zip",
          "size": 3087348
        }
      }
    }
  ]
}