{
  "global_settings": {
    "lighten": "0.15",
    "windows_font_height": "13",
    "linux_font_height": "11",
    "mac_font_height": "11",
    "combo_radius": "3",
    "button_radius": "6",
    "table_cell_radius": "3",
    "scroll_thumb_radius": "2",
    "section_radius": "4",
    "param_section_radius": "4",
    "param_section_vpadding": "0",
    "knob_padding": "2",
    "tabular_knob_padding": "0",
    "min_scale": "0.5",
    "max_scale": "8.0",
    "default_width_fx": "1280",
    "aspect_ratio_width_fx": "118",
    "aspect_ratio_height_fx": "27",
    "default_width_instrument": "1280",
    "aspect_ratio_width_instrument": "118",
    "aspect_ratio_height_instrument": "62"
  },
  "default_settings": {
    "tab_width": "33",
    "header_width": "40"
  },
  "default_colors": {
    "tab_text_inactive": "FFAAAAAA",
    "tab_button": "FF333333",
    "tab_header": "FF222222",
    "graph_grid": "40FFFFFF",
    "graph_text": "C0FFFFFF",
    "graph_background": "FF000000",
    "graph_modulation_bubble": "C0FFFFFF",
    "bubble_outline": "FF999999",
    "param_background": "FF333333",
    "param_highlight": "FFFFFFFF",
    "param_shadow1": "FF000000",
    "param_shadow2": "00FFFFFF",
    "param_can_modulate": "FF666666",
    "param_meter1": "FF333333",
    "param_meter2": "FF555555",
    "section_outline": "00000000",
    "section_background": "FFCCCCCC",
    "table_header_cell": "FF666666",
    "table_cell": "FF999999",
    "edit_text": "FFEEEEEE",
    "label_text": "FF333333",
    "control_text": "FF999999",
    "control_tick": "FF999999",
    "control_outline": "FFCCCCCC",
    "control_background": "FF333333",
    "scrollbar_background": "FF444444",
    "popup_text": "FFCCCCCC",
    "popup_text_highlighted": "FF999999",
  },
  "overrides": [
    {
      "custom_sections": ["Title Text", "Title Image", "Main Graph", "Tweak", "Patch"],
      "module_sections": ["Monitor"],
      "colors": {
        "tab_text": "FFCCCCCC",
        "param_automation": "FFCCCCCC",
        "control_text": "FF3333333",
        "control_tick": "FF3333333",
        "button_text": "FFCCCCCC",
        "bubble_outline": "FFCCCCCC",
        "scrollbar_thumb": "FFCCCCCC",
        "graph_area": "80999999",
        "graph_line": "FF999999",
        "table_header": "FFCCCCCC",
        "popup_text_highlighted": "FFEEEEEE"
      }
    },
    {
      "module_sections": ["GAudio", "GCV-A", "GCV-CV"],
      "colors": {
        "tab_button": "FF555555",
        "tab_button_inactive": "FF333333",
        "tab_text": "FFFF0040",
        "tab_header_text": "FFFF0040",
        "tab_text_inactive": "FFAAAAAA",
        "param_automation": "FFFF0040",
        "param_modulation1": "FFC07830",
        "param_modulation2": "FF333333",
        "control_text": "FFCCCCCC",
        "control_tick": "FFFF0040",
        "bubble_outline": "FFFF0040",
        "scrollbar_thumb": "FFFF0040",
        "table_header": "FFCCCCCC",
        "popup_text_highlighted": "FFCCCCCC"
      }
    },
    {
      "custom_sections": ["Theme", "Global FX Graph", "Global LFO Graph", "Global Matrix Graphs"],
      "module_sections": ["Master", "Global", "Global Out", "Global FX", "Global LFO"],
      "colors": {
        "tab_button": "FF555555",
        "tab_button_inactive": "FF333333",
        "tab_text": "FFFF0040",
        "tab_header_text": "FFFF0040",
        "tab_text_inactive": "FFAAAAAA",
        "param_automation": "FFFF0040",
        "param_modulation1": "FFC07830",
        "param_modulation2": "FF333333",
        "control_text": "FFFF0040",
        "control_tick": "FFFF0040",
        "bubble_outline": "FFFF0040",
        "scrollbar_thumb": "FFFF0040",
        "graph_area": "80FF0040",
        "graph_line": "FFFF0040",
        "table_header": "FFCCCCCC",
        "popup_text_highlighted": "FFFF0040"
      }
    },
    {
      "module_sections": ["Global"],
      "settings": {
        "header_width": "984"
      }
    },
    {
      "module_sections": ["Global Out"],
      "settings": {
        "header_width": "190"
      }
    },
    {
      "module_sections": ["Osc Mod", "VAudio", "VCV-A", "VCV-CV"],
      "colors": {
        "tab_button": "FF555555",
        "tab_button_inactive": "FF333333",
        "tab_text": "FFFFA040",
        "tab_header_text": "FFFFA040",
        "tab_text_inactive": "FFAAAAAA",
        "param_automation": "FFFFA040",
        "param_modulation1": "FFFF0040",
        "param_modulation2": "FF333333",
        "control_text": "FFCCCCCC",
        "control_tick": "FFFFA040",
        "bubble_outline": "FFFFA040",
        "scrollbar_thumb": "FFFFA040",
        "table_header": "FFCCCCCC",
        "popup_text_highlighted": "FFCCCCCC"
      }
    },
    {
      "custom_sections": ["Arp Graph", "Oscillator Graph", "Voice FX Graph", "Voice LFO Graph", "Envelope Graph", "Voice Matrix Graphs"],
      "module_sections": ["Voice", "Voice Out", "Arpeggiator", "Osc", "Voice FX", "Voice LFO", "Env"],
      "colors": {
        "tab_button": "FF555555",
        "tab_button_inactive": "FF333333",
        "tab_text": "FFFFA040",
        "tab_header_text": "FFFFA040",
        "tab_text_inactive": "FFAAAAAA",
        "param_automation": "FFFFA040",
        "param_modulation1": "FFFF0040",
        "param_modulation2": "FF333333",
        "control_text": "FFFFA040",
        "control_tick": "FFFFA040",
        "bubble_outline": "FFFFA040",
        "scrollbar_thumb": "FFFFA040",
        "graph_area": "80FFA040",
        "graph_line": "FFFFA040",
        "table_header": "FFCCCCCC",
        "popup_text_highlighted": "FFFFA040"
      }
    },
    {
      "module_sections": ["Osc"],
      "settings": {
        "tab_width": "67",
        "header_width": "40"
      }
    },
    {
      "module_sections": ["Voice"],
      "settings": {
        "header_width": "984"
      }
    },
    {
      "module_sections": ["Voice Out"],
      "settings": {
        "header_width": "190"
      }
    },
    {
      "module_sections": ["Arpeggiator"],
      "settings": {
        "header_width": "680"
      }
    }
  ]
}