{
  "name": "Firefly Dark Cold",
  "graphSchemeFollowsModule": false,
  "unisonSchemeFollowsModule": false,
  "defaultColorScheme_comment": "Fallback scheme, any other scheme can override individual settings.",
  "defaultColorScheme": {
    "graphAlpha": 0.6,
    "dimDisabled": 0.25,
    "text": "FFEEEEEE",
    "text2": "FFEEEEEE",
    "primary": "FFE040FF",
    "background": "FF000000",
    "meterFill": "FFA0A0A0",
    "meterTrack": "FF505050",
    "meterAlert": "FFFFFFFF",
    "headerText": "FFE040FF",
    "headerBorder": "FFE040FF",
    "headerBackground": "FF181818",
    "graphGrid": "FF404040",
    "graphBorder": "20FFFFFF",
    "graphBackground": "FF181818",
    "sectionBorder": "80FFFFFF",
    "sectionBackground": "FF282828",
    "paramSecondary": "FF505050",
    "paramHighlight": "80FFFFFF",
    "paramBackground": "FF181818",
    "sliderModBounds": "FF862698",
    "sliderEngineThumb": "80FFFFFF",
    "alertWindowPrimary": "FFE040FF",
    "fileBrowserPrimary": "FFE040FF",
    "fileBrowserHighlight": "80E040FF",
    "buttonBackground": "FF862698",
    "activeTabBackground": "FF862698",
    "gridAlternateBackground": "FF601B6D"
  },
  "colorSchemes_comment": "Define color schemes to be referenced by modules, parameters, and non-module related component colors.",
  "colorSchemes": {
    "Purple": {
      "primary": "FFE040FF",
      "headerText": "FFE040FF",
      "headerBorder": "FFE040FF",
      "sliderModBounds": "FF862698",
      "buttonBackground": "FF862698",
      "activeTabBackground": "FF862698",
      "gridAlternateBackground": "FF601B6D"
    },
    "Green": {
      "primary": "FF60C030",
      "headerText": "FF60C030",
      "headerBorder": "FF60C030",
      "sliderModBounds": "FF2A7D59",
      "buttonBackground": "FF2A7D59",
      "activeTabBackground": "FF2A7D59",
      "gridAlternateBackground": "FF1C533B"
    }
  },
  "componentColors_comment": "Overrides the default scheme for anything not related to a module.",
  "componentColors": [
    {
      "comment": "Patch",
      "componentId": "878D9B5E-D11E-485D-8B57-5CAC8C8B612A",
      "colorScheme": "Purple"
    },
    {
      "comment": "Graphs when not graphSchemeFollowsModule",
      "componentId": "8DFD2F0E-A796-4570-B319-DCE1F0931DC9",
      "colorScheme": "Green"
    },
    {
      "comment": "Last Tweaked",
      "componentId": "12937840-F39D-4041-986F-911005EC6C58",
      "colorScheme": "Purple"
    },
    {
      "comment": "Unison Top",
      "componentId": "6C2FD02F-F89C-491F-A7F8-4AD6EBB44A0E",
      "colorScheme": "Purple"
    },
    {
      "comment": "Main Selector",
      "componentId": "F81585F3-C753-4ED3-A0FC-5E517580EEF4",
      "colorScheme": "Purple"
    },
    {
      "comment": "Matrix Graphs",
      "componentId": "0A528CAB-69AC-40DC-914C-3919D10D1EA3",
      "colorScheme": "Green"
    },
    {
      "comment": "Matrix Top Global",
      "componentId": "BE80B21E-B18E-4D47-8C81-BF58A5497DF6",
      "colorScheme": "Purple"
    },
    {
      "comment": "Matrix Top Voice",
      "componentId": "4982334C-FFE3-4335-9584-5E1EA167A0DC",
      "colorScheme": "Green"
    }
  ],
  "moduleColors_comment": "Override the default scheme per module. Slot can be -1 to apply to all module slots or gte 0 to apply to individual slots.",
  "moduleColors": [
    {
      "comment": "Output",
      "moduleId": "6BDA100B-8E99-4108-B38C-E5C6418EAF4B",
      "moduleSlot": -1,
      "colorScheme": "Purple"
    },
    {
      "comment": "Other (Panic)",
      "moduleId": "FE23D5B0-D854-4A62-BF43-7D583C17AAD3",
      "moduleSlot": -1,
      "colorScheme": "Purple"
    },
    {
      "comment": "GUI Settings",
      "moduleId": "E3F0E2B7-436C-4278-8E4F-BE86E3A9A76B",
      "moduleSlot": -1,
      "colorScheme": "Purple",
      "guiParamColorSchemes_comment": "Override the module scheme per GUI parameter. Slot can be -1 to apply to all parameter slots or gte 0 to apply to individual slots.",
      "guiParamColorSchemes": [
        {
          "comment": "Show mod bounds",
          "paramId": "193F0F95-D4D2-46A5-A978-C8740E0C08B3",
          "paramSlot": -1,
          "colorScheme": "Purple"
        }
      ]
    },
    {
      "comment": "Voice Module",
      "moduleId": "AFA1D831-2F91-4FA4-9CBA-958F4AD32DA8",
      "moduleSlot": -1,
      "colorScheme": "Purple"
    },
    {
      "comment": "Master",
      "moduleId": "83AA98D4-9D12-4D61-81A4-4FAA935EDF5D",
      "moduleSlot": -1,
      "colorScheme": "Purple"
    },
    {
      "comment": "Settings",
      "moduleId": "3689411E-F31C-4F8C-BE3D-6F87938A1A1B",
      "moduleSlot": -1,
      "colorScheme": "Purple"
    },
    {
      "comment": "VMix",
      "moduleId": "5C91D5A0-3EC1-4142-935A-3FE83B60C04E",
      "moduleSlot": -1,
      "colorScheme": "Purple",
      "audioParamColorSchemes_comment": "Override the module scheme per audio parameter. Slot can be -1 to apply to all parameter slots or gte 0 to apply to individual slots.",
      "audioParamColorSchemes": [
        {
          "comment": "Osci To Osci Mix",
          "paramId": "3EF9D095-1F5E-45BD-8B9E-55EEC321AA43",
          "paramSlot": -1,
          "colorScheme": "Purple"
        },
        {
          "comment": "Osci To Osci Mix - override a single param slot",
          "paramId": "3EF9D095-1F5E-45BD-8B9E-55EEC321AA43",
          "paramSlot": 1,
          "colorScheme": "Purple"
        }
      ]
    },
    {
      "comment": "GMix",
      "moduleId": "09ED2CCE-3AC5-455E-935C-A684BEBC154D",
      "moduleSlot": -1,
      "colorScheme": "Purple"
    },
    {
      "comment": "Osci",
      "moduleId": "73BABDF5-AF1C-436D-B3AD-3481FD1AB5D6",
      "moduleSlot": -1,
      "colorScheme": "Green"
    },
    {
      "comment": "Osci - override a single module slot",
      "moduleId": "73BABDF5-AF1C-436D-B3AD-3481FD1AB5D6",
      "moduleSlot": 1,
      "colorScheme": "Green"
    },
    {
      "comment": "Osci Mod",
      "moduleId": "546F9D74-670A-463D-80B0-B4BBD061DA88",
      "moduleSlot": -1,
      "colorScheme": "Green"
    },
    {
      "comment": "VFX",
      "moduleId": "V154051CE-66D9-41C8-B479-C52D1111C962",
      "moduleSlot": -1,
      "colorScheme": "Green"
    },
    {
      "comment": "GFX",
      "moduleId": "G154051CE-66D9-41C8-B479-C52D1111C962",
      "moduleSlot": -1,
      "colorScheme": "Green"
    },
    {
      "comment": "VEcho",
      "moduleId": "VB979D7BD-65A2-42E4-A7B2-3A48BBFFDE23",
      "moduleSlot": -1,
      "colorScheme": "Green"
    },
    {
      "comment": "GEcho",
      "moduleId": "GB979D7BD-65A2-42E4-A7B2-3A48BBFFDE23",
      "moduleSlot": -1,
      "colorScheme": "Green"
    },
    {
      "comment": "VLFO",
      "moduleId": "V6E9EC930-5391-41BB-9EDA-C9B79F3BE745",
      "moduleSlot": -1,
      "colorScheme": "Green"
    },
    {
      "comment": "GLFO",
      "moduleId": "G6E9EC930-5391-41BB-9EDA-C9B79F3BE745",
      "moduleSlot": -1,
      "colorScheme": "Green"
    },
    {
      "comment": "Env",
      "moduleId": "FC1DC75A-200C-4465-8CBE-0100E2C8FAF2",
      "moduleSlot": -1,
      "colorScheme": "Green"
    },
    {
      "comment": "VMatrix",
      "moduleId": "V19758BF4-241B-4A59-A943-3AE7426C7CC9",
      "moduleSlot": -1,
      "colorScheme": "Green",
      "audioParamColorSchemes": [
        {
          "comment": "Slot Count",
          "paramId": "V511B2721-2733-4BB4-BA75-C55AB8B6C54D",
          "paramSlot": -1,
          "colorScheme": "Green"
        }
      ]
    },
    {
      "comment": "GMatrix",
      "moduleId": "G19758BF4-241B-4A59-A943-3AE7426C7CC9",
      "moduleSlot": -1,
      "colorScheme": "Purple",
      "audioParamColorSchemes": [
        {
          "comment": "Slot Count",
          "paramId": "G511B2721-2733-4BB4-BA75-C55AB8B6C54D",
          "paramSlot": -1,
          "colorScheme": "Purple"
        }
      ]
    },
    {
      "comment": "Unison",
      "moduleId": "5A505AF6-4E05-4680-BAFE-B880CE4E1BC2",
      "moduleSlot": -1,
      "colorScheme": "Green",
      "audioParamColorSchemes": [
        {
          "comment": "Voice Count",
          "paramId": "617F995E-38CC-40BE-899E-AEAE37852092",
          "paramSlot": -1,
          "colorScheme": "Purple"
        }
      ]
    }
  ]
}